<?xml version="1.0" encoding="UTF-8" ?>
<!DOCTYPE mapper PUBLIC "-//mybatis.org//DTD Mapper 3.0//EN" "http://mybatis.org/dtd/mybatis-3-mapper.dtd" >
<mapper namespace="com.cusc.rbac.api.dao.IUserPermissionDao">

	 
	 <select id="findUserPermission" resultType="com.cusc.rbac.common.vo.PermissionVO">
	SELECT
		tttt.operation_code AS operationCode,
		tttt.operation_description AS operationDesc,
		tttt.operation_parent_code AS operationParentCode
	FROM
		cc_function_operation_t tttt
	WHERE
		tttt.operation_id IN (
			SELECT
				ttt.operation_id
			FROM
				cc_permission_operation_t ttt
			WHERE
				ttt.permission_id IN (
					SELECT
						tt.permission_id
					FROM
						cc_role_permission_t tt
					WHERE
						tt.role_id IN (
							SELECT
								t.role_id
							FROM
								cc_user_role_t t
							WHERE
								t.system_code = #{systemCode}
							AND t.user_id = #{userId}
						)
					AND tt.system_code = #{systemCode}
				)
			AND ttt.system_code = #{systemCode}
		)
	AND tttt.system_code = #{systemCode}
	 </select>
	 
	 <delete id="deleteUserRolePermissions">
	 delete from cc_role_permission_t  where system_code = #{systemCode}
	 </delete>
	 
	 <delete id="deletePermissions">
	 delete from cc_permission_t  where system_code = #{systemCode}
	 </delete>
	 
	 <delete id="deleteOperations">
	  delete from cc_function_operation_t  where system_code = #{systemCode}
	 </delete>
	  
	 <delete id="deletePermissionOperations">
	  delete from cc_permission_operation_t  where system_code = #{systemCode}
	 </delete>
	 
	 <insert id="addOperation"  parameterType="com.cusc.rbac.common.vo.FunOperationVO">
	 <selectKey resultType="Long" order="AFTER" keyProperty="funOperationVO.operationId">
	 select LAST_INSERT_ID() AS operationId
	 </selectKey>
	 insert into cc_function_operation_t(
	 operation_description,
	 operation_code,
	 operation_parent_code,
	 system_code
	 )values(
	 #{funOperationVO.operationDesc},
	 #{funOperationVO.operationCode},
	 #{funOperationVO.operationParentCode},
	 #{funOperationVO.systemCode}
	 )
	 </insert>
	 
	 <insert id="addPermission" parameterType="com.cusc.rbac.common.vo.PermissionVO">
	 <selectKey resultType="Long" order="AFTER" keyProperty="permissionVO.permissionId">
	 select LAST_INSERT_ID() AS permissionId
	 </selectKey>
	 insert into cc_permission_t(
	 permission_type,
	 system_code
	 )values(
	 #{permissionVO.permissionType},
	 #{permissionVO.systemCode}
	 )
	 </insert>
	 
	 <insert id="addPermissionOperation">
	 insert into cc_permission_operation_t(
			permission_id,
			operation_id,
			system_code
	 )values(
			 #{permissionId},
			 #{operationId},
			 #{systemCode}
	 )
	 </insert>

</mapper>