<?xml version="1.0" encoding="UTF-8" ?>
<!DOCTYPE mapper PUBLIC "-//mybatis.org//DTD Mapper 3.0//EN" "http://mybatis.org/dtd/mybatis-3-mapper.dtd" >
<mapper namespace="com.cusc.rbac.api.dao.IUserInfoDao">

	 
	 <select id="getUserRole" resultType="com.cusc.rbac.common.vo.RoleVO">
	SELECT
		tt.role_description AS roleDesc,
		tt.role_name AS roleName
	FROM
		cc_role_t tt
	WHERE
		tt.role_id IN (
			SELECT
				t.role_id
			FROM
				cc_user_role_t t
			WHERE
				t.system_code = #{systemCode}
			AND t.user_id = #{userId}
		)
	AND tt.system_code = #{systemCode}
	 </select>
	 
	 <select id="getUserGroup" resultType="com.cusc.rbac.common.vo.GroupVO">
	SELECT
		ttt.group_name AS groupName,
		ttt.group_description AS groupDesc
	FROM
		cc_group_t ttt
	WHERE
		ttt.group_id IN (
			SELECT
				tt.group_id
			FROM
				cc_role_group_t tt
			WHERE
				tt.role_id IN (
					SELECT
						t.role_id
					FROM
						cc_user_role_t t
					WHERE
						t.system_code = #{systemCode}
					AND t.user_id = #{userId}
				)
			AND tt.system_code = #{systemCode}
		)
	AND ttt.system_code = #{systemCode}
	 </select>
   
   <select id="getUserInfo" resultType="com.cusc.rbac.common.vo.UserInfoVO">
   select 
        user_id AS userId,
        user_name AS userName
   from cc_user_t 
   where ((user_name = #{userName} 
   and   user_password = #{userPassword}) or user_mobileno = #{userMobileNo}) 
   and   system_code = #{systemCode}
   </select>
   
   <select id="getUser" resultType="com.cusc.rbac.common.vo.UserInfoVO">
   SELECT user_id AS userId FROM cc_user_t  where user_name = #{userName} and user_password = #{userPassword} and system_code = #{systemCode}
   </select>
   
</mapper>