<configuration>

	<property name="LOG_ROOT" value="/opt/logs/cusc-rbac" />
	<property name="LOG_FILENAME" value="cusc-rbac-api" />
	<property name="LOG_MAXFILESIZE" value="50MB" />
	<property name="LOG_PATTERN"
		value="%date{ISO8601} %-5level [%thread] %class.%method\\(%line\\) - %msg%n" />

	<appender name="STDOUT" class="ch.qos.logback.core.ConsoleAppender">
		<encoder>
			<pattern>${LOG_PATTERN}</pattern>
		</encoder>
	</appender>

	<appender name="RFA"
		class="ch.qos.logback.core.rolling.RollingFileAppender">
		<file>${LOG_ROOT}/${LOG_FILENAME}.log</file>

		<rollingPolicy class="ch.qos.logback.core.rolling.TimeBasedRollingPolicy">
			<fileNamePattern>${LOG_ROOT}/${LOG_FILENAME}-%d{yyyyMMdd}-%i.log
			</fileNamePattern>
			<timeBasedFileNamingAndTriggeringPolicy
				class="ch.qos.logback.core.rolling.SizeAndTimeBasedFNATP">
				<maxFileSize>${LOG_MAXFILESIZE}</maxFileSize>
			</timeBasedFileNamingAndTriggeringPolicy>
		</rollingPolicy>

		<encoder>
			<pattern>${LOG_PATTERN}</pattern>
			<charset>utf-8</charset>
		</encoder>
	</appender>

	<logger name="org.springframework" level="info" />
	<logger name="org.apache.commons" level="info" />
	<logger name="org.apache.http" level="info" />
	<logger name="springfox.documentation" level="info" />
	<logger name="com.netflix" level="info" />

	<logger name="com.cusc.rbac" level="debug" />

	<root level="debug">
		<appender-ref ref="STDOUT" />
		<appender-ref ref="RFA" />
	</root>

</configuration>